Zip,City,State,Latitude,Longitude,Timezone,Daylight savings time flag,geopoint
2670,West Dennis,MA,41.659749,-70.17089,-5,1,"41.659749, -70.17089"
1301,Greenfield,MA,42.605524,-72.60098,-5,1,"42.605524, -72.60098"
1560,South Grafton,MA,42.177462,-71.69382,-5,1,"42.177462, -71.69382"
1730,Bedford,MA,42.496679,-71.27504,-5,1,"42.496679, -71.27504"
1983,Topsfield,MA,42.642471,-70.94424,-5,1,"42.642471, -70.94424"
1035,Hadley,MA,42.35549,-72.5733,-5,1,"42.35549, -72.5733"
2051,Marshfield Hills,MA,42.151202,-70.734146,-5,1,"42.151202, -70.734146"
1266,West Stockbridge,MA,42.328535,-73.36407,-5,1,"42.328535, -73.36407"
1545,Shrewsbury,MA,42.286643,-71.72502,-5,1,"42.286643, -71.72502"
2714,Dartmouth,MA,41.756214,-71.067062,-5,1,"41.756214, -71.067062"
2766,Norton,MA,41.969185,-71.1854,-5,1,"41.969185, -71.1854"
1702,Framingham,MA,42.283995,-71.42161,-5,1,"42.283995, -71.42161"
1041,Holyoke,MA,42.170731,-72.604842,-5,1,"42.170731, -72.604842"
1747,Hopedale,MA,42.125536,-71.53662,-5,1,"42.125536, -71.53662"
2141,Cambridge,MA,42.370519,-71.08443,-5,1,"42.370519, -71.08443"
1504,Blackstone,MA,42.028147,-71.52999,-5,1,"42.028147, -71.52999"
2216,Boston,MA,42.338947,-70.919635,-5,1,"42.338947, -70.919635"
1033,Granby,MA,42.254563,-72.51831,-5,1,"42.254563, -72.51831"
2472,Watertown,MA,42.371296,-71.18196,-5,1,"42.371296, -71.18196"
2169,Quincy,MA,42.250739,-70.99593,-5,1,"42.250739, -70.99593"
2375,South Easton,MA,42.029749,-71.10191,-5,1,"42.029749, -71.10191"
2639,Dennis Port,MA,41.661115,-70.13348,-5,1,"41.661115, -70.13348"
2382,Whitman,MA,42.08235,-70.93734,-5,1,"42.08235, -70.93734"
2719,Fairhaven,MA,41.634152,-70.8814,-5,1,"41.634152, -70.8814"
2126,Mattapan,MA,42.272098,-71.09426,-5,1,"42.272098, -71.09426"
2769,Rehoboth,MA,41.835067,-71.26115,-5,1,"41.835067, -71.26115"
1094,Wheelwright,MA,42.358201,-72.140846,-5,1,"42.358201, -72.140846"
2361,Plymouth,MA,41.970474,-70.701357,-5,1,"41.970474, -70.701357"
1752,Marlborough,MA,42.350909,-71.54753,-5,1,"42.350909, -71.54753"
2139,Cambridge,MA,42.364347,-71.10431,-5,1,"42.364347, -71.10431"
2305,Brockton,MA,41.970474,-70.701357,-5,1,"41.970474, -70.701357"
2407,Scituate,MA,42.136086,-70.688251,-5,1,"42.136086, -70.688251"
1938,Ipswich,MA,42.682965,-70.84007,-5,1,"42.682965, -70.84007"
1007,Belchertown,MA,42.278424,-72.411,-5,1,"42.278424, -72.411"
2146,Brookline,MA,42.308198,-71.088745,-5,1,"42.308198, -71.088745"
2344,Middleboro,MA,41.970474,-70.701357,-5,1,"41.970474, -70.701357"
1929,Essex,MA,42.631753,-70.77925,-5,1,"42.631753, -70.77925"
2724,Fall River,MA,41.684152,-71.17436,-5,1,"41.684152, -71.17436"
1746,Holliston,MA,42.196065,-71.43797,-5,1,"42.196065, -71.43797"
1253,Otis,MA,42.198403,-73.10205,-5,1,"42.198403, -73.10205"
1462,Lunenburg,MA,42.582839,-71.72051,-5,1,"42.582839, -71.72051"
2641,East Dennis,MA,41.734713,-70.20467,-5,1,"41.734713, -70.20467"
2669,West Chatham,MA,41.673635,-69.99494,-5,1,"41.673635, -69.99494"
1515,East Brookfield,MA,42.212777,-72.05311,-5,1,"42.212777, -72.05311"
2113,Boston,MA,42.365028,-71.05636,-5,1,"42.365028, -71.05636"
1856,Lowell,MA,42.641779,-71.303488,-5,1,"42.641779, -71.303488"
1569,Uxbridge,MA,42.064978,-71.62992,-5,1,"42.064978, -71.62992"
2359,Pembroke,MA,42.065554,-70.80426,-5,1,"42.065554, -70.80426"
2663,South Wellfleet,MA,41.800531,-70.076776,-5,1,"41.800531, -70.076776"
1529,Millville,MA,42.036396,-71.57798,-5,1,"42.036396, -71.57798"
2136,Hyde Park,MA,42.252198,-71.12593,-5,1,"42.252198, -71.12593"
2651,North Eastham,MA,41.824264,-69.98176,-5,1,"41.824264, -69.98176"
1302,Greenfield,MA,42.522178,-72.624164,-5,1,"42.522178, -72.624164"
1750,Natick,MA,42.273817,-71.378157,-5,1,"42.273817, -71.378157"
2059,North Marshfield,MA,41.970474,-70.701357,-5,1,"41.970474, -70.701357"
1242,Lenox Dale,MA,42.336557,-73.24599,-5,1,"42.336557, -73.24599"
1841,Lawrence,MA,42.71159,-71.16667,-5,1,"42.71159, -71.16667"
2062,Norwood,MA,42.185974,-71.20166,-5,1,"42.185974, -71.20166"
2364,Kingston,MA,41.993102,-70.73827,-5,1,"41.993102, -70.73827"
1913,Amesbury,MA,42.854423,-70.93547,-5,1,"42.854423, -70.93547"
1081,Wales,MA,42.058024,-72.22517,-5,1,"42.058024, -72.22517"
2341,Hanson,MA,42.059434,-70.86205,-5,1,"42.059434, -70.86205"
2747,North Dartmouth,MA,41.637916,-70.99076,-5,1,"41.637916, -70.99076"
2154,Waltham,MA,42.388938,-71.2398,-5,1,"42.388938, -71.2398"
2176,Melrose,MA,42.459045,-71.06233,-5,1,"42.459045, -71.06233"
1258,South Egremont,MA,42.103122,-73.45734,-5,1,"42.103122, -73.45734"
2159,Newton,MA,42.316097,-71.191248,-5,1,"42.316097, -71.191248"
2633,Chatham,MA,41.686534,-69.97746,-5,1,"41.686534, -69.97746"
1032,Goshen,MA,42.45792,-72.81551,-5,1,"42.45792, -72.81551"
1568,Upton,MA,42.17382,-71.60971,-5,1,"42.17382, -71.60971"
2210,Boston,MA,42.347974,-71.04463,-5,1,"42.347974, -71.04463"
2643,East Orleans,MA,41.784308,-69.962034,-5,1,"41.784308, -69.962034"
2175,Arlington Heights,MA,42.446396,-71.459405,-5,1,"42.446396, -71.459405"
1890,Winchester,MA,42.451945,-71.14276,-5,1,"42.451945, -71.14276"
2055,Minot,MA,41.970474,-70.701357,-5,1,"41.970474, -70.701357"
2465,West Newton,MA,42.351046,-71.22677,-5,1,"42.351046, -71.22677"
2735,Easton,MA,41.999346,-71.113582,-5,1,"41.999346, -71.113582"
2745,New Bedford,MA,41.692806,-70.93264,-5,1,"41.692806, -70.93264"
2148,Malden,MA,42.428549,-71.06059,-5,1,"42.428549, -71.06059"
1338,Buckland,MA,42.569498,-72.802,-5,1,"42.569498, -72.802"
1374,Charlemont,MA,42.636459,-72.798742,-5,1,"42.636459, -72.798742"
2379,West Bridgewater,MA,42.02195,-71.01878,-5,1,"42.02195, -71.01878"
2297,Boston,MA,42.338947,-70.919635,-5,1,"42.338947, -70.919635"
2322,Avon,MA,42.121932,-71.04522,-5,1,"42.121932, -71.04522"
2661,South Harwich,MA,41.675799,-70.0396,-5,1,"41.675799, -70.0396"
1887,Wilmington,MA,42.558576,-71.17031,-5,1,"42.558576, -71.17031"
1203,Pittsfield,MA,42.3929,-73.228483,-5,1,"42.3929, -73.228483"
1005,Barre,MA,42.412094,-72.10443,-5,1,"42.412094, -72.10443"
2770,Rochester,MA,41.760783,-70.83848,-5,1,"41.760783, -70.83848"
2462,Newton Lower Falls,MA,42.331646,-71.25761,-5,1,"42.331646, -71.25761"
2453,Waltham,MA,42.370446,-71.23563,-5,1,"42.370446, -71.23563"
1464,Shirley,MA,42.559289,-71.64555,-5,1,"42.559289, -71.64555"
2167,Chestnut Hill,MA,42.320797,-71.169847,-5,1,"42.320797, -71.169847"
2475,Arlington Heights,MA,42.446396,-71.459405,-5,1,"42.446396, -71.459405"
2601,Hyannis,MA,41.654741,-70.2895,-5,1,"41.654741, -70.2895"
1971,Salem,MA,42.635443,-70.879123,-5,1,"42.635443, -70.879123"
2762,Plainville,MA,42.011848,-71.32392,-5,1,"42.011848, -71.32392"
2188,Weymouth,MA,42.212866,-70.95872,-5,1,"42.212866, -70.95872"
1378,Warwick,MA,42.667152,-72.32729,-5,1,"42.667152, -72.32729"
1503,Berlin,MA,42.380562,-71.62665,-5,1,"42.380562, -71.62665"
1040,Holyoke,MA,42.201891,-72.6242,-5,1,"42.201891, -72.6242"
1534,Northbridge,MA,42.140741,-71.64376,-5,1,"42.140741, -71.64376"
1778,Wayland,MA,42.345583,-71.35643,-5,1,"42.345583, -71.35643"
1930,Gloucester,MA,42.624015,-70.67552,-5,1,"42.624015, -70.67552"
2152,Winthrop,MA,42.373047,-70.97803,-5,1,"42.373047, -70.97803"
2790,Westport,MA,41.602517,-71.08904,-5,1,"41.602517, -71.08904"
2673,West Yarmouth,MA,41.656883,-70.23726,-5,1,"41.656883, -70.23726"
2551,Oak Bluffs,MA,41.453321,-70.558023,-5,1,"41.453321, -70.558023"
1822,Billerica,MA,42.446396,-71.459405,-5,1,"42.446396, -71.459405"
2571,Wareham,MA,41.751554,-70.71059,-5,1,"41.751554, -70.71059"
1393,Whately,MA,42.459814,-72.593626,-5,1,"42.459814, -72.593626"
1468,Templeton,MA,42.557796,-72.06824,-5,1,"42.557796, -72.06824"
2739,Mattapoisett,MA,41.654776,-70.80087,-5,1,"41.654776, -70.80087"
1259,Southfield,MA,42.0645,-73.24674,-5,1,"42.0645, -73.24674"
2362,Plymouth,MA,41.970474,-70.701357,-5,1,"41.970474, -70.701357"
2477,Watertown,MA,42.446396,-71.459405,-5,1,"42.446396, -71.459405"
1441,Gardner,MA,42.364807,-71.896868,-5,1,"42.364807, -71.896868"
2761,North Attleboro,MA,41.756214,-71.067062,-5,1,"41.756214, -71.067062"
1201,Pittsfield,MA,42.45384,-73.254,-5,1,"42.45384, -73.254"
2445,Brookline,MA,42.324397,-71.13933,-5,1,"42.324397, -71.13933"
2065,Ocean Bluff,MA,42.097219,-70.651567,-5,1,"42.097219, -70.651567"
1070,Plainfield,MA,42.515853,-72.91661,-5,1,"42.515853, -72.91661"
2195,Newton,MA,42.446396,-71.459405,-5,1,"42.446396, -71.459405"
1803,Burlington,MA,42.506362,-71.20008,-5,1,"42.506362, -71.20008"
2744,New Bedford,MA,41.610754,-70.91453,-5,1,"41.610754, -70.91453"
1521,Holland,MA,42.054676,-72.16137,-5,1,"42.054676, -72.16137"
1367,Rowe,MA,42.694883,-72.90962,-5,1,"42.694883, -72.90962"
1601,Worcester,MA,42.265275,-71.879415,-5,1,"42.265275, -71.879415"
1845,North Andover,MA,42.683841,-71.11171,-5,1,"42.683841, -71.11171"
1026,Cummington,MA,42.465041,-72.91813,-5,1,"42.465041, -72.91813"
2332,Duxbury,MA,42.031371,-70.70105,-5,1,"42.031371, -70.70105"
1843,Lawrence,MA,42.691091,-71.16078,-5,1,"42.691091, -71.16078"
2187,Milton Village,MA,42.180048,-71.08923,-5,1,"42.180048, -71.08923"
2783,Taunton,MA,41.756214,-71.067062,-5,1,"41.756214, -71.067062"
1772,Southborough,MA,42.297643,-71.53369,-5,1,"42.297643, -71.53369"
2541,Falmouth,MA,41.799312,-70.308662,-5,1,"41.799312, -70.308662"
1430,Ashburnham,MA,42.658768,-71.93287,-5,1,"42.658768, -71.93287"
1432,Ayer,MA,42.549821,-71.59136,-5,1,"42.549821, -71.59136"
2151,Revere,MA,42.416247,-71.00525,-5,1,"42.416247, -71.00525"
1093,Whately,MA,42.442673,-72.652511,-5,1,"42.442673, -72.652511"
1867,Reading,MA,42.52585,-71.10993,-5,1,"42.52585, -71.10993"
1654,Worcester,MA,42.364807,-71.896868,-5,1,"42.364807, -71.896868"
2576,West Wareham,MA,41.776042,-70.75783,-5,1,"41.776042, -70.75783"
1069,Palmer,MA,42.176401,-72.32646,-5,1,"42.176401, -72.32646"
2181,Wellesley,MA,42.300596,-71.27875,-5,1,"42.300596, -71.27875"
1603,Worcester,MA,42.240526,-71.83776,-5,1,"42.240526, -71.83776"
1821,Billerica,MA,42.54805,-71.25054,-5,1,"42.54805, -71.25054"
2108,Boston,MA,42.357903,-71.06408,-5,1,"42.357903, -71.06408"
2132,West Roxbury,MA,42.279432,-71.1598,-5,1,"42.279432, -71.1598"
1562,Spencer,MA,42.247212,-71.99227,-5,1,"42.247212, -71.99227"
2537,East Sandwich,MA,41.733837,-70.43754,-5,1,"41.733837, -70.43754"
2595,West Tisbury,MA,41.381585,-70.66351,-5,1,"41.381585, -70.66351"
2101,Boston,MA,42.370567,-71.026964,-5,1,"42.370567, -71.026964"
1880,Wakefield,MA,42.501345,-71.07132,-5,1,"42.501345, -71.07132"
2050,Marshfield,MA,42.109763,-70.69172,-5,1,"42.109763, -70.69172"
2161,Newton,MA,42.446396,-71.459405,-5,1,"42.446396, -71.459405"
1012,Chesterfield,MA,42.390836,-72.84356,-5,1,"42.390836, -72.84356"
1915,Beverly,MA,42.560995,-70.8757,-5,1,"42.560995, -70.8757"
2654,Nantucket,MA,41.543967,-69.987203,-5,1,"41.543967, -69.987203"
2133,Boston,MA,42.338947,-70.919635,-5,1,"42.338947, -70.919635"
2563,Sandwich,MA,41.735645,-70.48866,-5,1,"41.735645, -70.48866"
2637,Cummaquid,MA,41.701438,-70.277212,-5,1,"41.701438, -70.277212"
2638,Dennis,MA,41.736684,-70.19183,-5,1,"41.736684, -70.19183"
2763,Attleboro Falls,MA,41.967949,-71.31024,-5,1,"41.967949, -71.31024"
2117,Boston,MA,42.338947,-70.919635,-5,1,"42.338947, -70.919635"
2657,Provincetown,MA,42.053355,-70.18947,-5,1,"42.053355, -70.18947"
2052,Medfield,MA,42.185571,-71.30476,-5,1,"42.185571, -71.30476"
2072,Stoughton,MA,42.125432,-71.10627,-5,1,"42.125432, -71.10627"
2446,Brookline,MA,42.344747,-71.12141,-5,1,"42.344747, -71.12141"
1531,New Braintree,MA,42.317121,-72.12248,-5,1,"42.317121, -72.12248"
2127,Boston,MA,42.33499,-71.04562,-5,1,"42.33499, -71.04562"
2456,New Town,MA,42.446396,-71.459405,-5,1,"42.446396, -71.459405"
1477,Winchendon Springs,MA,42.364807,-71.896868,-5,1,"42.364807, -71.896868"
2370,Rockland,MA,42.129513,-70.91189,-5,1,"42.129513, -70.91189"
1030,Feeding Hills,MA,42.070774,-72.67248,-5,1,"42.070774, -72.67248"
1605,Worcester,MA,42.286543,-71.78846,-5,1,"42.286543, -71.78846"
1066,North Hatfield,MA,42.406697,-72.633901,-5,1,"42.406697, -72.633901"
1520,Holden,MA,42.338962,-71.84434,-5,1,"42.338962, -71.84434"
1264,Tyringham,MA,42.224905,-73.20394,-5,1,"42.224905, -73.20394"
1832,Haverhill,MA,42.781357,-71.11023,-5,1,"42.781357, -71.11023"
1037,Hardwick,MA,42.374202,-72.19524,-5,1,"42.374202, -72.19524"
2114,Boston,MA,42.361792,-71.06774,-5,1,"42.361792, -71.06774"
1740,Bolton,MA,42.437086,-71.61266,-5,1,"42.437086, -71.61266"
2712,Chartley,MA,41.756214,-71.067062,-5,1,"41.756214, -71.067062"
2153,Medford,MA,42.446396,-71.459405,-5,1,"42.446396, -71.459405"
2405,Brockton,MA,41.970474,-70.701357,-5,1,"41.970474, -70.701357"
2123,Boston,MA,42.338947,-70.919635,-5,1,"42.338947, -70.919635"
2325,Bridgewater,MA,41.98725,-70.972786,-5,1,"41.98725, -70.972786"
2093,Wrentham,MA,42.0597,-71.34617,-5,1,"42.0597, -71.34617"
1931,Gloucester,MA,42.635443,-70.879123,-5,1,"42.635443, -70.879123"
2106,Boston,MA,42.354318,-71.073449,-5,1,"42.354318, -71.073449"
2458,Newton,MA,42.354727,-71.18809,-5,1,"42.354727, -71.18809"
2339,Hanover,MA,42.12867,-70.85913,-5,1,"42.12867, -70.85913"
1467,Still River,MA,42.488666,-71.62412,-5,1,"42.488666, -71.62412"
2543,Woods Hole,MA,41.526791,-70.66505,-5,1,"41.526791, -70.66505"
1833,Georgetown,MA,42.729437,-70.98291,-5,1,"42.729437, -70.98291"
2646,Harwich Port,MA,41.669219,-70.07419,-5,1,"41.669219, -70.07419"
2199,Boston,MA,42.34713,-71.08234,-5,1,"42.34713, -71.08234"
1451,Harvard,MA,42.505928,-71.5888,-5,1,"42.505928, -71.5888"
2168,Waban,MA,42.446396,-71.459405,-5,1,"42.446396, -71.459405"
2447,Brookline Village,MA,42.180048,-71.08923,-5,1,"42.180048, -71.08923"
2575,West Tisbury,MA,41.378807,-70.66376,-5,1,"41.378807, -70.66376"
2723,Fall River,MA,41.691369,-71.13234,-5,1,"41.691369, -71.13234"
1566,Sturbridge,MA,42.104581,-72.08584,-5,1,"42.104581, -72.08584"
2347,Lakeville,MA,41.835094,-70.95973,-5,1,"41.835094, -70.95973"
2534,Cataumet,MA,41.66566,-70.616,-5,1,"41.66566, -70.616"
1036,Hampden,MA,42.064703,-72.41735,-5,1,"42.064703, -72.41735"
1427,Westborough,MA,42.286575,-71.585753,-5,1,"42.286575, -71.585753"
1775,Stow,MA,42.423882,-71.51086,-5,1,"42.423882, -71.51086"
1238,Lee,MA,42.299263,-73.2327,-5,1,"42.299263, -73.2327"
2149,Everett,MA,42.409916,-71.0522,-5,1,"42.409916, -71.0522"
1231,Sheffield,MA,42.153001,-73.298131,-5,1,"42.153001, -73.298131"
2090,Westwood,MA,42.212949,-71.20735,-5,1,"42.212949, -71.20735"
2464,Newton Upper Falls,MA,42.311997,-71.22046,-5,1,"42.311997, -71.22046"
1009,Bondsville,MA,42.206092,-72.340486,-5,1,"42.206092, -72.340486"
2647,Hyannis Port,MA,41.63275,-70.30435,-5,1,"41.63275, -70.30435"
1540,Oxford,MA,42.117527,-71.8657,-5,1,"42.117527, -71.8657"
2779,Berkley,MA,41.825252,-71.07799,-5,1,"41.825252, -71.07799"
1888,Woburn,MA,42.446396,-71.459405,-5,1,"42.446396, -71.459405"
2459,Newton Center,MA,42.321197,-71.193,-5,1,"42.321197, -71.193"
2454,Waltham,MA,42.356719,-71.250479,-5,1,"42.356719, -71.250479"
1776,Sudbury,MA,42.38532,-71.42989,-5,1,"42.38532, -71.42989"
2135,Brighton,MA,42.348418,-71.15349,-5,1,"42.348418, -71.15349"
2715,Dighton,MA,41.811514,-71.13633,-5,1,"41.811514, -71.13633"
1876,Tewksbury,MA,42.601684,-71.22071,-5,1,"42.601684, -71.22071"
1460,Littleton,MA,42.540052,-71.49085,-5,1,"42.540052, -71.49085"
1068,Oakham,MA,42.349769,-72.04413,-5,1,"42.349769, -72.04413"
2702,Assonet,MA,41.792192,-71.06446,-5,1,"41.792192, -71.06446"
1243,Middlefield,MA,42.356088,-73.010448,-5,1,"42.356088, -73.010448"
1056,Ludlow,MA,42.174893,-72.47068,-5,1,"42.174893, -72.47068"
1453,Leominster,MA,42.526523,-71.75358,-5,1,"42.526523, -71.75358"
2303,Brockton,MA,41.970474,-70.701357,-5,1,"41.970474, -70.701357"
2457,Babson Park,MA,42.180048,-71.08923,-5,1,"42.180048, -71.08923"
5501,Andover,MA,42.647191,-71.184202,-5,1,"42.647191, -71.184202"
1815,Woburn,MA,42.446396,-71.459405,-5,1,"42.446396, -71.459405"
1840,Lawrence,MA,42.706941,-71.16181,-5,1,"42.706941, -71.16181"
2112,Boston,MA,42.338947,-70.919635,-5,1,"42.338947, -70.919635"
2549,Mashpee,MA,41.621779,-70.504349,-5,1,"41.621779, -70.504349"
1452,Hubbardston,MA,42.477515,-71.99654,-5,1,"42.477515, -71.99654"
2026,Dedham,MA,42.244609,-71.16553,-5,1,"42.244609, -71.16553"
2160,Newton,MA,42.446396,-71.459405,-5,1,"42.446396, -71.459405"
1106,Longmeadow,MA,42.050395,-72.5712,-5,1,"42.050395, -72.5712"
1541,Princeton,MA,42.451569,-71.882,-5,1,"42.451569, -71.882"
2381,White Horse Beach,MA,41.931602,-70.561051,-5,1,"41.931602, -70.561051"
2630,Barnstable,MA,41.700327,-70.29568,-5,1,"41.700327, -70.29568"
1061,Northampton,MA,42.369562,-72.63599,-5,1,"42.369562, -72.63599"
1473,Westminster,MA,42.544622,-71.9021,-5,1,"42.544622, -71.9021"
2471,Watertown,MA,42.446396,-71.459405,-5,1,"42.446396, -71.459405"
2066,Scituate,MA,42.205038,-70.7513,-5,1,"42.205038, -70.7513"
2368,Randolph,MA,42.173417,-71.04912,-5,1,"42.173417, -71.04912"
2180,Stoneham,MA,42.480145,-71.09835,-5,1,"42.480145, -71.09835"
2564,Siasconset,MA,41.273949,-70.015545,-5,1,"41.273949, -70.015545"
2403,Brockton,MA,41.970474,-70.701357,-5,1,"41.970474, -70.701357"
2644,Forestdale,MA,41.683462,-70.51211,-5,1,"41.683462, -70.51211"
1376,Turners Falls,MA,42.609425,-72.54438,-5,1,"42.609425, -72.54438"
1526,Manchaug,MA,42.364807,-71.896868,-5,1,"42.364807, -71.896868"
1852,Lowell,MA,42.634112,-71.29849,-5,1,"42.634112, -71.29849"
1379,Wendell,MA,42.547274,-72.41724,-5,1,"42.547274, -72.41724"
1102,Springfield,MA,42.170731,-72.604842,-5,1,"42.170731, -72.604842"
1224,Berkshire,MA,42.3929,-73.228483,-5,1,"42.3929, -73.228483"
1824,Chelmsford,MA,42.595491,-71.3544,-5,1,"42.595491, -71.3544"
1749,Hudson,MA,42.389813,-71.55791,-5,1,"42.389813, -71.55791"
1899,Andover,MA,42.635443,-70.879123,-5,1,"42.635443, -70.879123"
2293,Boston,MA,42.338947,-70.919635,-5,1,"42.338947, -70.919635"
2337,Elmwood,MA,42.022225,-70.931588,-5,1,"42.022225, -70.931588"
1075,South Hadley,MA,42.234891,-72.58243,-5,1,"42.234891, -72.58243"
1585,West Brookfield,MA,42.242965,-72.16734,-5,1,"42.242965, -72.16734"
2170,Quincy,MA,42.267049,-71.01834,-5,1,"42.267049, -71.01834"
1008,Blandford,MA,42.174313,-72.94828,-5,1,"42.174313, -72.94828"
1475,Winchendon,MA,42.675441,-72.0467,-5,1,"42.675441, -72.0467"
1944,Manchester,MA,42.580033,-70.76462,-5,1,"42.580033, -70.76462"
2156,West Medford,MA,42.446396,-71.459405,-5,1,"42.446396, -71.459405"
1235,Hinsdale,MA,42.433661,-73.09278,-5,1,"42.433661, -73.09278"
1770,Sherborn,MA,42.231025,-71.37202,-5,1,"42.231025, -71.37202"
1831,Haverhill,MA,42.771095,-71.122054,-5,1,"42.771095, -71.122054"
1851,Lowell,MA,42.630915,-71.33238,-5,1,"42.630915, -71.33238"
1945,Marblehead,MA,42.497146,-70.86323,-5,1,"42.497146, -70.86323"
2178,Belmont,MA,42.446396,-71.459405,-5,1,"42.446396, -71.459405"
2140,Cambridge,MA,42.393327,-71.12837,-5,1,"42.393327, -71.12837"
2205,Boston,MA,42.350334,-71.053877,-5,1,"42.350334, -71.053877"
2222,Boston,MA,42.367797,-71.06282,-5,1,"42.367797, -71.06282"
1937,Hathorne,MA,42.635443,-70.879123,-5,1,"42.635443, -70.879123"
1370,Shelburne Falls,MA,42.603447,-72.72754,-5,1,"42.603447, -72.72754"
1606,Worcester,MA,42.311342,-71.79531,-5,1,"42.311342, -71.79531"
1731,Hanscom AFB,MA,42.459085,-71.27556,-5,1,"42.459085, -71.27556"
2452,Waltham,MA,42.392496,-71.22153,-5,1,"42.392496, -71.22153"
2492,Needham,MA,42.278247,-71.23388,-5,1,"42.278247, -71.23388"
1342,Deerfield,MA,42.542322,-72.6091,-5,1,"42.542322, -72.6091"
2666,Truro,MA,41.992804,-70.05427,-5,1,"41.992804, -70.05427"
2781,Westport,MA,41.522877,-71.069344,-5,1,"41.522877, -71.069344"
2649,Mashpee,MA,41.613743,-70.48754,-5,1,"41.613743, -70.48754"
2366,South Carver,MA,41.854063,-70.66088,-5,1,"41.854063, -70.66088"
2645,Harwich,MA,41.707332,-70.05679,-5,1,"41.707332, -70.05679"
2125,Boston,MA,42.316852,-71.05811,-5,1,"42.316852, -71.05811"
2662,South Orleans,MA,41.756694,-69.984123,-5,1,"41.756694, -69.984123"
1380,Wendell Depot,MA,42.594455,-72.36314,-5,1,"42.594455, -72.36314"
2331,Duxbury,MA,41.970474,-70.701357,-5,1,"41.970474, -70.701357"
2346,Middleboro,MA,41.889582,-70.89406,-5,1,"41.889582, -70.89406"
1607,Worcester,MA,42.229543,-71.79501,-5,1,"42.229543, -71.79501"
2493,Weston,MA,42.358663,-71.28831,-5,1,"42.358663, -71.28831"
2027,Dedham,MA,42.180048,-71.08923,-5,1,"42.180048, -71.08923"
2349,Middleboro,MA,41.970474,-70.701357,-5,1,"41.970474, -70.701357"
2718,East Taunton,MA,41.876249,-71.01827,-5,1,"41.876249, -71.01827"
2350,Monponsett,MA,42.018525,-70.847486,-5,1,"42.018525, -70.847486"
1655,Worcester,MA,42.364807,-71.896868,-5,1,"42.364807, -71.896868"
2212,Boston,MA,42.446396,-71.459405,-5,1,"42.446396, -71.459405"
2421,Lexington,MA,42.439295,-71.23553,-5,1,"42.439295, -71.23553"
1252,North Egremont,MA,42.198648,-73.446234,-5,1,"42.198648, -73.446234"
1984,Wenham,MA,42.600518,-70.87618,-5,1,"42.600518, -70.87618"
2642,Eastham,MA,41.844087,-69.98921,-5,1,"41.844087, -69.98921"
1002,Amherst,MA,42.377651,-72.50323,-5,1,"42.377651, -72.50323"
2206,Boston,MA,42.338947,-70.919635,-5,1,"42.338947, -70.919635"
1031,Gilbertville,MA,42.33071,-72.18833,-5,1,"42.33071, -72.18833"
2192,Needham,MA,42.180048,-71.08923,-5,1,"42.180048, -71.08923"
2648,Marstons Mills,MA,41.667689,-70.4168,-5,1,"41.667689, -70.4168"
1951,Newbury,MA,42.780141,-70.86866,-5,1,"42.780141, -70.86866"
2239,Cambridge,MA,42.446396,-71.459405,-5,1,"42.446396, -71.459405"
2158,Newton,MA,42.353696,-71.188149,-5,1,"42.353696, -71.188149"
1152,Springfield,MA,42.170731,-72.604842,-5,1,"42.170731, -72.604842"
1244,Mill River,MA,42.139104,-73.20312,-5,1,"42.139104, -73.20312"
2557,Oak Bluffs,MA,41.417376,-70.560032,-5,1,"41.417376, -70.560032"
1039,Haydenville,MA,42.381475,-72.69259,-5,1,"42.381475, -72.69259"
2189,Weymouth,MA,42.2112,-70.93111,-5,1,"42.2112, -70.93111"
2266,Boston,MA,42.338947,-70.919635,-5,1,"42.338947, -70.919635"
2203,Boston,MA,42.361485,-71.060364,-5,1,"42.361485, -71.060364"
1096,Williamsburg,MA,42.415236,-72.78271,-5,1,"42.415236, -72.78271"
1508,Charlton City,MA,42.109748,-72.079455,-5,1,"42.109748, -72.079455"
2284,Boston,MA,42.338947,-70.919635,-5,1,"42.338947, -70.919635"
2625,Barnstable Town,MA,41.640528,-70.433279,-5,1,"41.640528, -70.433279"
1229,Glendale,MA,42.279292,-73.343545,-5,1,"42.279292, -73.343545"
1516,Douglas,MA,42.061437,-71.72887,-5,1,"42.061437, -71.72887"
1609,Worcester,MA,42.271743,-71.81348,-5,1,"42.271743, -71.81348"
1718,Village Of Nagog Woods,MA,42.519739,-71.42721,-5,1,"42.519739, -71.42721"
2104,Boston,MA,42.338947,-70.919635,-5,1,"42.338947, -70.919635"
2128,Boston,MA,42.378297,-71.0255,-5,1,"42.378297, -71.0255"
2650,North Chatham,MA,41.702265,-69.96958,-5,1,"41.702265, -69.96958"
1471,Groton,MA,42.446396,-71.459405,-5,1,"42.446396, -71.459405"
1355,New Salem,MA,42.485899,-72.33345,-5,1,"42.485899, -72.33345"
1034,Granville,MA,42.086224,-72.94464,-5,1,"42.086224, -72.94464"
1820,Pinehurst,MA,42.540779,-71.238175,-5,1,"42.540779, -71.238175"
2295,Boston,MA,42.338947,-70.919635,-5,1,"42.338947, -70.919635"
1114,Springfield,MA,42.170731,-72.604842,-5,1,"42.170731, -72.604842"
1582,Westborough,MA,42.364807,-71.896868,-5,1,"42.364807, -71.896868"
2045,Hull,MA,42.286347,-70.87663,-5,1,"42.286347, -70.87663"
2021,Canton,MA,42.166776,-71.1343,-5,1,"42.166776, -71.1343"
2725,Somerset,MA,41.721652,-71.17482,-5,1,"41.721652, -71.17482"
1330,Ashfield,MA,42.521131,-72.81116,-5,1,"42.521131, -72.81116"
5544,Andover,MA,42.647191,-71.184202,-5,1,"42.647191, -71.184202"
1982,South Hamilton,MA,42.616643,-70.86513,-5,1,"42.616643, -70.86513"
2103,Boston,MA,42.338947,-70.919635,-5,1,"42.338947, -70.919635"
2184,Braintree,MA,42.209555,-70.99968,-5,1,"42.209555, -70.99968"
1373,South Deerfield,MA,42.472734,-72.62452,-5,1,"42.472734, -72.62452"
1029,East Otis,MA,42.175896,-73.04204,-5,1,"42.175896, -73.04204"
1227,Dalton,MA,42.516145,-73.092852,-5,1,"42.516145, -73.092852"
1704,Framingham,MA,42.446396,-71.459405,-5,1,"42.446396, -71.459405"
1580,Westborough,MA,42.364807,-71.896868,-5,1,"42.364807, -71.896868"
1344,Erving,MA,42.607051,-72.41396,-5,1,"42.607051, -72.41396"
2018,Accord,MA,41.970474,-70.701357,-5,1,"41.970474, -70.701357"
1119,Springfield,MA,42.128442,-72.50932,-5,1,"42.128442, -72.50932"
1523,Lancaster,MA,42.473131,-71.67946,-5,1,"42.473131, -71.67946"
1571,Dudley,MA,42.049864,-71.9173,-5,1,"42.049864, -71.9173"
1835,Haverhill,MA,42.757767,-71.08518,-5,1,"42.757767, -71.08518"
2044,Hingham,MA,41.970474,-70.701357,-5,1,"41.970474, -70.701357"
1952,Salisbury,MA,42.85048,-70.86153,-5,1,"42.85048, -70.86153"
2032,East Walpole,MA,42.153912,-71.21362,-5,1,"42.153912, -71.21362"
2134,Allston,MA,42.355147,-71.13164,-5,1,"42.355147, -71.13164"
1097,Woronoco,MA,42.161743,-72.845912,-5,1,"42.161743, -72.845912"
1634,Tolland,MA,42.069484,-72.999433,-5,1,"42.069484, -72.999433"
1226,Dalton,MA,42.476575,-73.11547,-5,1,"42.476575, -73.11547"
2333,East Bridgewater,MA,42.029083,-70.95227,-5,1,"42.029083, -70.95227"
2460,Newtonville,MA,42.352996,-71.20907,-5,1,"42.352996, -71.20907"
2202,Boston,MA,42.361094,-71.061814,-5,1,"42.361094, -71.061814"
2277,Watertown,MA,42.446396,-71.459405,-5,1,"42.446396, -71.459405"
1862,North Billerica,MA,42.573592,-71.2911,-5,1,"42.573592, -71.2911"
1072,Shutesbury,MA,42.486027,-72.42208,-5,1,"42.486027, -72.42208"
1038,Hatfield,MA,42.375155,-72.60832,-5,1,"42.375155, -72.60832"
1343,Drury,MA,42.642666,-72.986231,-5,1,"42.642666, -72.986231"
1509,Charlton Depot,MA,42.364807,-71.896868,-5,1,"42.364807, -71.896868"
2777,Swansea,MA,41.741551,-71.21433,-5,1,"41.741551, -71.21433"
1098,Worthington,MA,42.399054,-72.93871,-5,1,"42.399054, -72.93871"
1085,Westfield,MA,42.133642,-72.75029,-5,1,"42.133642, -72.75029"
1340,Colrain,MA,42.673371,-72.73104,-5,1,"42.673371, -72.73104"
1886,Westford,MA,42.592086,-71.43754,-5,1,"42.592086, -71.43754"
2358,North Pembroke,MA,41.805219,-70.62642,-5,1,"41.805219, -70.62642"
1754,Maynard,MA,42.430781,-71.45594,-5,1,"42.430781, -71.45594"
1020,Chicopee,MA,42.175992,-72.57265,-5,1,"42.175992, -72.57265"
1966,Rockport,MA,42.659936,-70.61727,-5,1,"42.659936, -70.61727"
2053,Medway,MA,42.151526,-71.42315,-5,1,"42.151526, -71.42315"
2562,Sagamore Beach,MA,41.793263,-70.519584,-5,1,"41.793263, -70.519584"
2401,Brockton,MA,42.079399,-71.03459,-5,1,"42.079399, -71.03459"
2177,Melrose,MA,42.446396,-71.459405,-5,1,"42.446396, -71.459405"
1354,Northfield,MA,42.522178,-72.624164,-5,1,"42.522178, -72.624164"
2568,Vineyard Haven,MA,41.451263,-70.60872,-5,1,"41.451263, -70.60872"
1823,Haverhill,MA,42.800429,-71.11087,-5,1,"42.800429, -71.11087"
2191,Weymouth,MA,42.242749,-70.94434,-5,1,"42.242749, -70.94434"
2494,Needham,MA,42.29813,-71.23154,-5,1,"42.29813, -71.23154"
1813,Woburn,MA,42.446396,-71.459405,-5,1,"42.446396, -71.459405"
2330,Carver,MA,41.873697,-70.7656,-5,1,"41.873697, -70.7656"
1270,Windsor,MA,42.443726,-73.116127,-5,1,"42.443726, -73.116127"
1001,Agawam,MA,42.07061,-72.62029,-5,1,"42.07061, -72.62029"
2025,Cohasset,MA,42.241908,-70.81223,-5,1,"42.241908, -70.81223"
2652,North Truro,MA,42.02889,-70.07938,-5,1,"42.02889, -70.07938"
1885,West Boxford,MA,42.635443,-70.879123,-5,1,"42.635443, -70.879123"
2565,Silver Beach,MA,41.799312,-70.308662,-5,1,"41.799312, -70.308662"
2760,North Attleboro,MA,41.975495,-71.33086,-5,1,"41.975495, -71.33086"
1003,Amherst,MA,42.369562,-72.63599,-5,1,"42.369562, -72.63599"
1262,Stockbridge,MA,42.283216,-73.31423,-5,1,"42.283216, -73.31423"
2726,Somerset,MA,41.754828,-71.14894,-5,1,"41.754828, -71.14894"
2165,Newton,MA,42.446396,-71.459405,-5,1,"42.446396, -71.459405"
2671,West Harwich,MA,41.665589,-70.11152,-5,1,"41.665589, -70.11152"
2047,Humarock,MA,42.142836,-70.69353,-5,1,"42.142836, -70.69353"
1440,Gardner,MA,42.575355,-71.99183,-5,1,"42.575355, -71.99183"
1111,Springfield,MA,42.170731,-72.604842,-5,1,"42.170731, -72.604842"
1470,Groton,MA,42.446396,-71.459405,-5,1,"42.446396, -71.459405"
1505,Boylston,MA,42.338392,-71.73026,-5,1,"42.338392, -71.73026"
2163,Boston,MA,42.367946,-71.12056,-5,1,"42.367946, -71.12056"
1022,Chicopee,MA,42.196666,-72.55606,-5,1,"42.196666, -72.55606"
1118,Springfield,MA,42.093144,-72.5291,-5,1,"42.093144, -72.5291"
2137,Readville,MA,42.338947,-70.919635,-5,1,"42.338947, -70.919635"
1223,Becket,MA,42.314449,-73.09335,-5,1,"42.314449, -73.09335"
2664,South Yarmouth,MA,41.670981,-70.19797,-5,1,"41.670981, -70.19797"
1760,Natick,MA,42.290763,-71.35368,-5,1,"42.290763, -71.35368"
1089,West Springfield,MA,42.112793,-72.64066,-5,1,"42.112793, -72.64066"
1364,Orange,MA,42.599614,-72.29263,-5,1,"42.599614, -72.29263"
2131,Roslindale,MA,42.284678,-71.13052,-5,1,"42.284678, -71.13052"
1564,Sterling,MA,42.436875,-71.77333,-5,1,"42.436875, -71.77333"
1346,Heath,MA,42.669255,-72.80494,-5,1,"42.669255, -72.80494"
1614,Worcester,MA,42.364807,-71.896868,-5,1,"42.364807, -71.896868"
1436,Baldwinville,MA,42.608903,-72.08021,-5,1,"42.608903, -72.08021"
2048,Mansfield,MA,42.019982,-71.2191,-5,1,"42.019982, -71.2191"
2124,Boston,MA,42.28713,-71.07156,-5,1,"42.28713, -71.07156"
2207,Boston,MA,42.338947,-70.919635,-5,1,"42.338947, -70.919635"
2304,Brockton,MA,41.970474,-70.701357,-5,1,"41.970474, -70.701357"
2532,Buzzards Bay,MA,41.751841,-70.59764,-5,1,"41.751841, -70.59764"
1721,Ashland,MA,42.257956,-71.45886,-5,1,"42.257956, -71.45886"
2173,Lexington,MA,42.446396,-71.459405,-5,1,"42.446396, -71.459405"
2720,Fall River,MA,41.716952,-71.13986,-5,1,"41.716952, -71.13986"
1062,Florence,MA,42.324232,-72.67915,-5,1,"42.324232, -72.67915"
1368,Royalston,MA,42.671012,-72.16999,-5,1,"42.671012, -72.16999"
2743,Acushnet,MA,41.697015,-70.91019,-5,1,"41.697015, -70.91019"
1701,Framingham,MA,42.318695,-71.42344,-5,1,"42.318695, -71.42344"
1834,Groveland,MA,42.750691,-71.02487,-5,1,"42.750691, -71.02487"
1860,Merrimac,MA,42.834246,-71.00207,-5,1,"42.834246, -71.00207"
2780,Taunton,MA,41.904888,-71.10288,-5,1,"41.904888, -71.10288"
1339,Charlemont,MA,42.626858,-72.87939,-5,1,"42.626858, -72.87939"
1863,North Chelmsford,MA,42.634199,-71.39322,-5,1,"42.634199, -71.39322"
2035,Foxboro,MA,42.061427,-71.24232,-5,1,"42.061427, -71.24232"
2327,Bryantville,MA,42.040708,-70.827245,-5,1,"42.040708, -70.827245"
2147,Brookline Village,MA,42.180048,-71.08923,-5,1,"42.180048, -71.08923"
1602,Worcester,MA,42.272359,-71.84482,-5,1,"42.272359, -71.84482"
2157,Babson Park,MA,42.173933,-71.185494,-5,1,"42.173933, -71.185494"
2357,North Easton,MA,42.064499,-71.087091,-5,1,"42.064499, -71.087091"
2130,Jamaica Plain,MA,42.309998,-71.11171,-5,1,"42.309998, -71.11171"
2172,Watertown,MA,42.372596,-71.177998,-5,1,"42.372596, -71.177998"
1082,Ware,MA,42.270611,-72.26067,-5,1,"42.270611, -72.26067"
1220,Adams,MA,42.619727,-73.11842,-5,1,"42.619727, -73.11842"
1522,Jefferson,MA,42.369658,-71.87418,-5,1,"42.369658, -71.87418"
2085,Foxborough,MA,42.075995,-71.286055,-5,1,"42.075995, -71.286055"
1527,Millbury,MA,42.196144,-71.76272,-5,1,"42.196144, -71.76272"
1542,Rochdale,MA,42.194793,-71.90651,-5,1,"42.194793, -71.90651"
1255,Sandisfield,MA,42.088973,-73.12444,-5,1,"42.088973, -73.12444"
1105,Springfield,MA,42.096644,-72.5798,-5,1,"42.096644, -72.5798"
2201,Boston,MA,42.338947,-70.919635,-5,1,"42.338947, -70.919635"
2211,Boston,MA,42.338947,-70.919635,-5,1,"42.338947, -70.919635"
2420,Lexington,MA,42.452895,-71.21619,-5,1,"42.452895, -71.21619"
1921,Boxford,MA,42.677869,-71.00844,-5,1,"42.677869, -71.00844"
2111,Boston,MA,42.349838,-71.06101,-5,1,"42.349838, -71.06101"
1050,Huntington,MA,42.290209,-72.87942,-5,1,"42.290209, -72.87942"
1524,Leicester,MA,42.238942,-71.91908,-5,1,"42.238942, -71.91908"
1108,Springfield,MA,42.084094,-72.55523,-5,1,"42.084094, -72.55523"
1561,South Lancaster,MA,42.443539,-71.686137,-5,1,"42.443539, -71.686137"
1586,West Millbury,MA,42.364807,-71.896868,-5,1,"42.364807, -71.896868"
1104,Springfield,MA,42.130343,-72.57338,-5,1,"42.130343, -72.57338"
2179,Waverley,MA,42.446396,-71.459405,-5,1,"42.446396, -71.459405"
1331,Athol,MA,42.579931,-72.20836,-5,1,"42.579931, -72.20836"
2668,West Barnstable,MA,41.70631,-70.37048,-5,1,"41.70631, -70.37048"
1014,Chicopee,MA,42.170731,-72.604842,-5,1,"42.170731, -72.604842"
1109,Springfield,MA,42.116277,-72.55031,-5,1,"42.116277, -72.55031"
1202,Pittsfield,MA,42.3929,-73.228483,-5,1,"42.3929, -73.228483"
1615,Worcester,MA,42.364807,-71.896868,-5,1,"42.364807, -71.896868"
1060,Northampton,MA,42.324539,-72.63561,-5,1,"42.324539, -72.63561"
2466,Auburndale,MA,42.345833,-71.24735,-5,1,"42.345833, -71.24735"
1013,Chicopee,MA,42.161492,-72.60316,-5,1,"42.161492, -72.60316"
1337,Bernardston,MA,42.678023,-72.55569,-5,1,"42.678023, -72.55569"
2041,Green Harbor,MA,42.069642,-70.649075,-5,1,"42.069642, -70.649075"
1705,Framingham,MA,42.446396,-71.459405,-5,1,"42.446396, -71.459405"
2542,Buzzards Bay,MA,41.665605,-70.52456,-5,1,"41.665605, -70.52456"
1245,Monterey,MA,42.180659,-73.20849,-5,1,"42.180659, -73.20849"
1608,Worcester,MA,42.261343,-71.80173,-5,1,"42.261343, -71.80173"
1501,Auburn,MA,42.20361,-71.83843,-5,1,"42.20361, -71.83843"
1748,Hopkinton,MA,42.220447,-71.53418,-5,1,"42.220447, -71.53418"
2071,South Walpole,MA,42.101406,-71.27239,-5,1,"42.101406, -71.27239"
1866,Pinehurst,MA,42.446396,-71.459405,-5,1,"42.446396, -71.459405"
2054,Millis,MA,42.166398,-71.36178,-5,1,"42.166398, -71.36178"
2118,Boston,MA,42.338724,-71.07276,-5,1,"42.338724, -71.07276"
2116,Boston,MA,42.349622,-71.07372,-5,1,"42.349622, -71.07372"
2150,Chelsea,MA,42.396382,-71.03352,-5,1,"42.396382, -71.03352"
1071,Russell,MA,42.165931,-72.85153,-5,1,"42.165931, -72.85153"
1538,North Uxbridge,MA,42.364807,-71.896868,-5,1,"42.364807, -71.896868"
1653,Worcester,MA,42.364807,-71.896868,-5,1,"42.364807, -71.896868"
2767,Raynham,MA,41.934586,-71.04905,-5,1,"41.934586, -71.04905"
1850,Lowell,MA,42.655791,-71.30504,-5,1,"42.655791, -71.30504"
2155,Medford,MA,42.419846,-71.10942,-5,1,"42.419846, -71.10942"
2461,Newton Highlands,MA,42.31883,-71.20822,-5,1,"42.31883, -71.20822"
2713,Cuttyhunk,MA,41.429673,-70.8954,-5,1,"41.429673, -70.8954"
1703,Framingham,MA,42.446396,-71.459405,-5,1,"42.446396, -71.459405"
1550,Southbridge,MA,42.070827,-72.03533,-5,1,"42.070827, -72.03533"
1807,Woburn,MA,42.446396,-71.459405,-5,1,"42.446396, -71.459405"
1450,Groton,MA,42.609887,-71.55722,-5,1,"42.609887, -71.55722"
2467,Chestnut Hill,MA,42.321997,-71.17314,-5,1,"42.321997, -71.17314"
2060,North Scituate,MA,41.970474,-70.701357,-5,1,"41.970474, -70.701357"
1079,Thorndike,MA,42.192892,-72.329574,-5,1,"42.192892, -72.329574"
2171,Quincy,MA,42.284498,-71.02316,-5,1,"42.284498, -71.02316"
1864,North Reading,MA,42.583436,-71.0982,-5,1,"42.583436, -71.0982"
1720,Acton,MA,42.477142,-71.4422,-5,1,"42.477142, -71.4422"
2166,Auburndale,MA,42.346146,-71.243057,-5,1,"42.346146, -71.243057"
1092,West Warren,MA,42.210777,-72.23904,-5,1,"42.210777, -72.23904"
1517,East Princeton,MA,42.364807,-71.896868,-5,1,"42.364807, -71.896868"
2356,North Easton,MA,42.058507,-71.11309,-5,1,"42.058507, -71.11309"
1965,Prides Crossing,MA,42.558113,-70.825743,-5,1,"42.558113, -70.825743"
1970,Salem,MA,42.516845,-70.8985,-5,1,"42.516845, -70.8985"
2536,East Falmouth,MA,41.578992,-70.5614,-5,1,"41.578992, -70.5614"
1222,Ashley Falls,MA,42.057496,-73.32177,-5,1,"42.057496, -73.32177"
2115,Boston,MA,42.34308,-71.09268,-5,1,"42.34308, -71.09268"
1247,North Adams,MA,42.696064,-73.10145,-5,1,"42.696064, -73.10145"
2481,Wellesley Hills,MA,42.313329,-71.27649,-5,1,"42.313329, -71.27649"
1506,Brookfield,MA,42.200374,-72.09787,-5,1,"42.200374, -72.09787"
2324,Bridgewater,MA,41.979501,-70.97215,-5,1,"41.979501, -70.97215"
2567,Sagamore,MA,41.79197,-70.530852,-5,1,"41.79197, -70.530852"
1469,Townsend,MA,42.658738,-71.69204,-5,1,"42.658738, -71.69204"
2120,Boston,MA,42.332099,-71.09651,-5,1,"42.332099, -71.09651"
2771,Seekonk,MA,41.84345,-71.32343,-5,1,"41.84345, -71.32343"
2302,Brockton,MA,42.08715,-71.00222,-5,1,"42.08715, -71.00222"
2476,Arlington,MA,42.416745,-71.17761,-5,1,"42.416745, -71.17761"
1741,Carlisle,MA,42.5286,-71.35084,-5,1,"42.5286, -71.35084"
1366,Petersham,MA,42.474718,-72.21226,-5,1,"42.474718, -72.21226"
1059,North Amherst,MA,42.369562,-72.63599,-5,1,"42.369562, -72.63599"
1889,North Reading,MA,42.571633,-71.109646,-5,1,"42.571633, -71.109646"
2351,Abington,MA,42.119534,-70.94787,-5,1,"42.119534, -70.94787"
1826,Dracut,MA,42.677772,-71.316,-5,1,"42.677772, -71.316"
1267,Williamstown,MA,42.689962,-73.22355,-5,1,"42.689962, -73.22355"
1349,Turners Falls,MA,42.5737,-72.50525,-5,1,"42.5737, -72.50525"
2369,Dennis Port,MA,41.662531,-70.14021,-5,1,"41.662531, -70.14021"
1420,Fitchburg,MA,42.578689,-71.80338,-5,1,"42.578689, -71.80338"
2143,Somerville,MA,42.381929,-71.09908,-5,1,"42.381929, -71.09908"
2193,Weston,MA,42.446396,-71.459405,-5,1,"42.446396, -71.459405"
1431,Ashby,MA,42.672005,-71.8137,-5,1,"42.672005, -71.8137"
2186,Milton,MA,42.253074,-71.07496,-5,1,"42.253074, -71.07496"
1129,Springfield,MA,42.121031,-72.4896,-5,1,"42.121031, -72.4896"
2190,Weymouth,MA,42.1711,-70.94597,-5,1,"42.1711, -70.94597"
2738,Marion,MA,41.706599,-70.75086,-5,1,"41.706599, -70.75086"
2746,New Bedford,MA,41.659336,-70.93347,-5,1,"41.659336, -70.93347"
1612,Paxton,MA,42.307591,-71.91929,-5,1,"42.307591, -71.91929"
2660,South Dennis,MA,41.712338,-70.16165,-5,1,"41.712338, -70.16165"
2067,Sharon,MA,42.113749,-71.17923,-5,1,"42.113749, -71.17923"
2343,Holbrook,MA,42.148351,-71.01037,-5,1,"42.148351, -71.01037"
1138,Springfield,MA,42.170731,-72.604842,-5,1,"42.170731, -72.604842"
2631,Brewster,MA,41.746647,-70.07773,-5,1,"41.746647, -70.07773"
2238,Cambridge,MA,42.446396,-71.459405,-5,1,"42.446396, -71.459405"
1369,Shattuckville,MA,42.522178,-72.624164,-5,1,"42.522178, -72.624164"
2031,East Mansfield,MA,41.998799,-71.200894,-5,1,"41.998799, -71.200894"
2254,Waltham,MA,42.446396,-71.459405,-5,1,"42.446396, -71.459405"
1240,Lenox,MA,42.36237,-73.27683,-5,1,"42.36237, -73.27683"
2363,Plymouth,MA,41.959094,-70.706774,-5,1,"41.959094, -70.706774"
2070,Sheldonville,MA,42.180048,-71.08923,-5,1,"42.180048, -71.08923"
1101,Springfield,MA,42.170731,-72.604842,-5,1,"42.170731, -72.604842"
1073,Southampton,MA,42.223885,-72.72777,-5,1,"42.223885, -72.72777"
1532,Northborough,MA,42.321917,-71.64692,-5,1,"42.321917, -71.64692"
2209,Boston,MA,42.338947,-70.919635,-5,1,"42.338947, -70.919635"
1472,West Groton,MA,42.446396,-71.459405,-5,1,"42.446396, -71.459405"
2142,Cambridge,MA,42.362297,-71.08412,-5,1,"42.362297, -71.08412"
2110,Boston,MA,42.356532,-71.05365,-5,1,"42.356532, -71.05365"
1590,Sutton,MA,42.131028,-71.75121,-5,1,"42.131028, -71.75121"
2174,Arlington,MA,42.417695,-71.167083,-5,1,"42.417695, -71.167083"
2164,Newton,MA,42.446396,-71.459405,-5,1,"42.446396, -71.459405"
1949,Middleton,MA,42.602278,-71.01356,-5,1,"42.602278, -71.01356"
2558,Onset,MA,41.746424,-70.65956,-5,1,"41.746424, -70.65956"
1463,Pepperell,MA,42.665686,-71.5929,-5,1,"42.665686, -71.5929"
2451,Waltham,MA,42.393029,-71.24771,-5,1,"42.393029, -71.24771"
1074,South Barre,MA,42.375998,-72.149388,-5,1,"42.375998, -72.149388"
1805,Burlington,MA,42.446396,-71.459405,-5,1,"42.446396, -71.459405"
1961,Peabody,MA,42.635443,-70.879123,-5,1,"42.635443, -70.879123"
1969,Rowley,MA,42.716708,-70.90899,-5,1,"42.716708, -70.90899"
2121,Boston,MA,42.307448,-71.08127,-5,1,"42.307448, -71.08127"
2185,Braintree,MA,42.180048,-71.08923,-5,1,"42.180048, -71.08923"
2791,Westport Point,MA,41.519104,-71.085137,-5,1,"41.519104, -71.085137"
2535,Chilmark,MA,41.345578,-70.75145,-5,1,"41.345578, -70.75145"
1027,Easthampton,MA,42.27279,-72.68677,-5,1,"42.27279, -72.68677"
1116,Longmeadow,MA,42.170731,-72.604842,-5,1,"42.170731, -72.604842"
1128,Springfield,MA,42.095344,-72.48857,-5,1,"42.095344, -72.48857"
2360,Plymouth,MA,41.894676,-70.61999,-5,1,"41.894676, -70.61999"
1613,Worcester,MA,42.293316,-71.801971,-5,1,"42.293316, -71.801971"
2122,Boston,MA,42.296298,-71.05454,-5,1,"42.296298, -71.05454"
2672,West Hyannisport,MA,41.636077,-70.31962,-5,1,"41.636077, -70.31962"
2402,Brockton,MA,42.0863,-70.999339,-5,1,"42.0863, -70.999339"
2258,Newton,MA,42.446396,-71.459405,-5,1,"42.446396, -71.459405"
1581,Westborough,MA,42.269845,-71.61408,-5,1,"42.269845, -71.61408"
1360,Northfield,MA,42.682285,-72.45649,-5,1,"42.682285, -72.45649"
1341,Conway,MA,42.508313,-72.70403,-5,1,"42.508313, -72.70403"
1719,Boxborough,MA,42.486259,-71.51244,-5,1,"42.486259, -71.51244"
1784,Woodville,MA,42.446396,-71.459405,-5,1,"42.446396, -71.459405"
2721,Fall River,MA,41.685452,-71.15425,-5,1,"41.685452, -71.15425"
1237,Lanesboro,MA,42.557346,-73.24364,-5,1,"42.557346, -73.24364"
2768,Raynham Center,MA,41.756214,-71.067062,-5,1,"41.756214, -71.067062"
1236,Housatonic,MA,42.266874,-73.36236,-5,1,"42.266874, -73.36236"
1610,Worcester,MA,42.248493,-71.80793,-5,1,"42.248493, -71.80793"
2043,Hingham,MA,42.225708,-70.88764,-5,1,"42.225708, -70.88764"
2552,Menemsha,MA,41.379836,-70.643092,-5,1,"41.379836, -70.643092"
1139,Springfield,MA,42.170731,-72.604842,-5,1,"42.170731, -72.604842"
1230,Great Barrington,MA,42.189715,-73.35249,-5,1,"42.189715, -73.35249"
2748,South Dartmouth,MA,41.59156,-70.9494,-5,1,"41.59156, -70.9494"
1151,Indian Orchard,MA,42.153926,-72.50531,-5,1,"42.153926, -72.50531"
1879,Tyngsboro,MA,42.671589,-71.41694,-5,1,"42.671589, -71.41694"
2215,Boston,MA,42.346997,-71.10215,-5,1,"42.346997, -71.10215"
2138,Cambridge,MA,42.379146,-71.12803,-5,1,"42.379146, -71.12803"
1103,Springfield,MA,42.103294,-72.59112,-5,1,"42.103294, -72.59112"
1853,Lowell,MA,42.446396,-71.459405,-5,1,"42.446396, -71.459405"
2367,Plympton,MA,41.968987,-70.80452,-5,1,"41.968987, -70.80452"
1010,Brimfield,MA,42.126038,-72.20552,-5,1,"42.126038, -72.20552"
1438,East Templeton,MA,42.563367,-72.03498,-5,1,"42.563367, -72.03498"
1543,Rutland,MA,42.380877,-71.96427,-5,1,"42.380877, -71.96427"
1907,Swampscott,MA,42.474409,-70.90588,-5,1,"42.474409, -70.90588"
1604,Worcester,MA,42.255393,-71.77459,-5,1,"42.255393, -71.77459"
2478,Belmont,MA,42.391546,-71.17471,-5,1,"42.391546, -71.17471"
2554,Nantucket,MA,41.276758,-70.09089,-5,1,"41.276758, -70.09089"
1054,Leverett,MA,42.479839,-72.49879,-5,1,"42.479839, -72.49879"
1351,Montague,MA,42.534976,-72.52522,-5,1,"42.534976, -72.52522"
1063,Northampton,MA,42.317939,-72.640234,-5,1,"42.317939, -72.640234"
1950,Newburyport,MA,42.809891,-70.86363,-5,1,"42.809891, -70.86363"
2355,North Carver,MA,41.916918,-70.801331,-5,1,"41.916918, -70.801331"
2040,Greenbush,MA,41.970474,-70.701357,-5,1,"41.970474, -70.701357"
2038,Franklin,MA,42.089104,-71.4069,-5,1,"42.089104, -71.4069"
1960,Peabody,MA,42.534045,-70.96146,-5,1,"42.534045, -70.96146"
2129,Charlestown,MA,42.378619,-71.06495,-5,1,"42.378619, -71.06495"
1757,Milford,MA,42.149176,-71.52149,-5,1,"42.149176, -71.52149"
1812,Andover,MA,42.647191,-71.184202,-5,1,"42.647191, -71.184202"
1588,Whitinsville,MA,42.114195,-71.67225,-5,1,"42.114195, -71.67225"
1936,Hamilton,MA,42.635443,-70.879123,-5,1,"42.635443, -70.879123"
1985,West Newbury,MA,42.790736,-70.97286,-5,1,"42.790736, -70.97286"
2740,New Bedford,MA,41.634754,-70.93752,-5,1,"41.634754, -70.93752"
2741,New Bedford,MA,41.756214,-71.067062,-5,1,"41.756214, -71.067062"
1940,Lynnfield,MA,42.527895,-71.02834,-5,1,"42.527895, -71.02834"
2144,Somerville,MA,42.399546,-71.12165,-5,1,"42.399546, -71.12165"
2162,Newton,MA,42.331896,-71.25405,-5,1,"42.331896, -71.25405"
1902,Lynn,MA,42.469946,-70.94113,-5,1,"42.469946, -70.94113"
1808,Woburn,MA,42.446396,-71.459405,-5,1,"42.446396, -71.459405"
1908,Nahant,MA,42.427096,-70.92809,-5,1,"42.427096, -70.92809"
2269,Quincy,MA,42.180048,-71.08923,-5,1,"42.180048, -71.08923"
2338,Halifax,MA,41.999851,-70.85395,-5,1,"41.999851, -70.85395"
1510,Clinton,MA,42.418836,-71.68482,-5,1,"42.418836, -71.68482"
1080,Three Rivers,MA,42.180563,-72.36518,-5,1,"42.180563, -72.36518"
2659,South Chatham,MA,41.678628,-70.02495,-5,1,"41.678628, -70.02495"
2764,North Dighton,MA,41.851557,-71.15125,-5,1,"41.851557, -71.15125"
1546,Shrewsbury,MA,42.364807,-71.896868,-5,1,"42.364807, -71.896868"
1347,Lake Pleasant,MA,42.556558,-72.518104,-5,1,"42.556558, -72.518104"
1901,Lynn,MA,42.461246,-70.946743,-5,1,"42.461246, -70.946743"
2404,Brockton,MA,41.970474,-70.701357,-5,1,"41.970474, -70.701357"
1801,Woburn,MA,42.484545,-71.15206,-5,1,"42.484545, -71.15206"
2056,Norfolk,MA,42.111836,-71.32855,-5,1,"42.111836, -71.32855"
2561,Sagamore,MA,41.770254,-70.533664,-5,1,"41.770254, -70.533664"
2655,Osterville,MA,41.632935,-70.38693,-5,1,"41.632935, -70.38693"
1084,West Chesterfield,MA,42.379807,-72.89043,-5,1,"42.379807, -72.89043"
1260,South Lee,MA,42.286586,-73.313274,-5,1,"42.286586, -73.313274"
1756,Mendon,MA,42.092006,-71.54474,-5,1,"42.092006, -71.54474"
1827,Dunstable,MA,42.671356,-71.50292,-5,1,"42.671356, -71.50292"
1256,Savoy,MA,42.592506,-73.01123,-5,1,"42.592506, -73.01123"
1507,Charlton,MA,42.135142,-71.96961,-5,1,"42.135142, -71.96961"
2495,Nonantum,MA,42.446396,-71.459405,-5,1,"42.446396, -71.459405"
2556,North Falmouth,MA,41.6403,-70.63036,-5,1,"41.6403, -70.63036"
2479,Waverley,MA,42.446396,-71.459405,-5,1,"42.446396, -71.459405"
2559,Pocasset,MA,41.694132,-70.61706,-5,1,"41.694132, -70.61706"
1844,Methuen,MA,42.73004,-71.17935,-5,1,"42.73004, -71.17935"
1905,Lynn,MA,42.464879,-70.97411,-5,1,"42.464879, -70.97411"
1810,Andover,MA,42.646942,-71.1513,-5,1,"42.646942, -71.1513"
1611,Cherry Valley,MA,42.238449,-71.87139,-5,1,"42.238449, -71.87139"
2105,Boston,MA,42.338947,-70.919635,-5,1,"42.338947, -70.919635"
1199,Springfield,MA,42.119943,-72.604983,-5,1,"42.119943, -72.604983"
1842,Lawrence,MA,42.635443,-70.879123,-5,1,"42.635443, -70.879123"
1519,Grafton,MA,42.201674,-71.68771,-5,1,"42.201674, -71.68771"
1865,Nutting Lake,MA,42.446396,-71.459405,-5,1,"42.446396, -71.459405"
2107,Boston,MA,42.338947,-70.919635,-5,1,"42.338947, -70.919635"
2272,Watertown,MA,42.446396,-71.459405,-5,1,"42.446396, -71.459405"
1086,Westfield,MA,42.173428,-72.847964,-5,1,"42.173428, -72.847964"
2208,Boston,MA,42.338947,-70.919635,-5,1,"42.338947, -70.919635"
1570,Webster,MA,42.047728,-71.86108,-5,1,"42.047728, -71.86108"
2109,Boston,MA,42.361477,-71.05417,-5,1,"42.361477, -71.05417"
1028,East Longmeadow,MA,42.066795,-72.5102,-5,1,"42.066795, -72.5102"
1021,Chicopee,MA,42.170731,-72.604842,-5,1,"42.170731, -72.604842"
2081,Walpole,MA,42.145237,-71.25375,-5,1,"42.145237, -71.25375"
1225,Cheshire,MA,42.551731,-73.1653,-5,1,"42.551731, -73.1653"
1773,Lincoln,MA,42.425537,-71.30316,-5,1,"42.425537, -71.30316"
2636,Centerville,MA,41.799312,-70.308662,-5,1,"41.799312, -70.308662"
2653,Orleans,MA,41.777647,-69.97312,-5,1,"41.777647, -69.97312"
2020,Brant Rock,MA,42.081825,-70.643868,-5,1,"42.081825, -70.643868"
2675,Yarmouth Port,MA,41.703205,-70.22395,-5,1,"41.703205, -70.22395"
1133,Springfield,MA,42.170731,-72.604842,-5,1,"42.170731, -72.604842"
1077,Southwick,MA,42.05283,-72.76966,-5,1,"42.05283, -72.76966"
1910,Lynn,MA,42.454796,-70.974694,-5,1,"42.454796, -70.974694"
2119,Boston,MA,42.324511,-71.08455,-5,1,"42.324511, -71.08455"
1745,Fayville,MA,42.295544,-71.50468,-5,1,"42.295544, -71.50468"
2468,Waban,MA,42.325247,-71.2319,-5,1,"42.325247, -71.2319"
1947,Salem,MA,42.642845,-70.873647,-5,1,"42.642845, -70.873647"
2634,Centerville,MA,41.799312,-70.308662,-5,1,"41.799312, -70.308662"
1011,Chester,MA,42.271442,-73.01958,-5,1,"42.271442, -73.01958"
1053,Leeds,MA,42.353105,-72.70206,-5,1,"42.353105, -72.70206"
2301,Brockton,MA,42.0794,-71.03441,-5,1,"42.0794, -71.03441"
2742,New Bedford,MA,41.619557,-70.956346,-5,1,"41.619557, -70.956346"
1903,Lynn,MA,42.635443,-70.879123,-5,1,"42.635443, -70.879123"
1923,Danvers,MA,42.569756,-70.94322,-5,1,"42.569756, -70.94322"
2717,East Freetown,MA,41.765934,-70.95332,-5,1,"41.765934, -70.95332"
1095,Wilbraham,MA,42.12531,-72.44057,-5,1,"42.12531, -72.44057"
1535,North Brookfield,MA,42.267274,-72.07823,-5,1,"42.267274, -72.07823"
1536,North Grafton,MA,42.231444,-71.70523,-5,1,"42.231444, -71.70523"
1537,North Oxford,MA,42.170846,-71.88989,-5,1,"42.170846, -71.88989"
2061,Norwell,MA,42.15243,-70.8205,-5,1,"42.15243, -70.8205"
2196,Boston,MA,42.338947,-70.919635,-5,1,"42.338947, -70.919635"
1004,Amherst,MA,42.384494,-72.513183,-5,1,"42.384494, -72.513183"
1083,Warren,MA,42.20468,-72.20259,-5,1,"42.20468, -72.20259"
2334,Easton,MA,42.023528,-71.132397,-5,1,"42.023528, -71.132397"
2539,Edgartown,MA,41.380479,-70.52453,-5,1,"41.380479, -70.52453"
1254,Richmond,MA,42.374711,-73.36336,-5,1,"42.374711, -73.36336"
2145,Somerville,MA,42.390846,-71.09225,-5,1,"42.390846, -71.09225"
2283,Boston,MA,42.338947,-70.919635,-5,1,"42.338947, -70.919635"
2573,Vineyard Haven,MA,41.379836,-70.643092,-5,1,"41.379836, -70.643092"
2667,Wellfleet,MA,41.922412,-70.01484,-5,1,"41.922412, -70.01484"
1518,Fiskdale,MA,42.12515,-72.12393,-5,1,"42.12515, -72.12393"
2553,Monument Beach,MA,41.67336,-70.608047,-5,1,"41.67336, -70.608047"
1525,Linwood,MA,42.364807,-71.896868,-5,1,"42.364807, -71.896868"
2348,Middleboro,MA,41.970474,-70.701357,-5,1,"41.970474, -70.701357"
2217,Boston,MA,42.338947,-70.919635,-5,1,"42.338947, -70.919635"
1257,Sheffield,MA,42.102694,-73.36591,-5,1,"42.102694, -73.36591"
2722,Fall River,MA,41.756214,-71.067062,-5,1,"41.756214, -71.067062"
1922,Byfield,MA,42.76087,-70.92648,-5,1,"42.76087, -70.92648"
1742,Concord,MA,42.457201,-71.37478,-5,1,"42.457201, -71.37478"
1583,West Boylston,MA,42.359842,-71.787,-5,1,"42.359842, -71.787"
2632,Centerville,MA,41.658718,-70.34658,-5,1,"41.658718, -70.34658"
1263,Stockbridge,MA,42.3929,-73.228483,-5,1,"42.3929, -73.228483"
1088,West Hatfield,MA,42.388831,-72.6321,-5,1,"42.388831, -72.6321"
1115,Springfield,MA,42.102894,-72.591633,-5,1,"42.102894, -72.591633"
1350,Monroe Bridge,MA,42.712257,-72.97629,-5,1,"42.712257, -72.97629"
1904,Lynn,MA,42.490421,-70.96579,-5,1,"42.490421, -70.96579"
2241,Boston,MA,42.338947,-70.919635,-5,1,"42.338947, -70.919635"
2345,Manomet,MA,41.888198,-70.581029,-5,1,"41.888198, -70.581029"
2019,Bellingham,MA,42.075122,-71.47953,-5,1,"42.075122, -71.47953"
2703,Attleboro,MA,41.928099,-71.31456,-5,1,"41.928099, -71.31456"
1375,Sunderland,MA,42.449978,-72.56302,-5,1,"42.449978, -72.56302"
1806,Woburn,MA,42.446396,-71.459405,-5,1,"42.446396, -71.459405"
1144,Springfield,MA,42.101796,-72.59151,-5,1,"42.101796, -72.59151"
1057,Monson,MA,42.089269,-72.317,-5,1,"42.089269, -72.317"
1830,Haverhill,MA,42.78519,-71.07011,-5,1,"42.78519, -71.07011"
1107,Springfield,MA,42.120193,-72.6061,-5,1,"42.120193, -72.6061"
2482,Wellesley,MA,42.300096,-71.30336,-5,1,"42.300096, -71.30336"
1906,Saugus,MA,42.462796,-71.0098,-5,1,"42.462796, -71.0098"
2204,Boston,MA,42.338947,-70.919635,-5,1,"42.338947, -70.919635"
2584,Nantucket,MA,41.277794,-70.046019,-5,1,"41.277794, -70.046019"
2030,Dover,MA,42.23888,-71.28241,-5,1,"42.23888, -71.28241"
2194,Needham,MA,42.292547,-71.225799,-5,1,"42.292547, -71.225799"
2574,West Falmouth,MA,41.603946,-70.638189,-5,1,"41.603946, -70.638189"
2635,Cotuit,MA,41.625037,-70.44317,-5,1,"41.625037, -70.44317"
1090,West Springfield,MA,42.170731,-72.604842,-5,1,"42.170731, -72.604842"
1854,Lowell,MA,42.649758,-71.33348,-5,1,"42.649758, -71.33348"
2540,Falmouth,MA,41.56105,-70.61968,-5,1,"41.56105, -70.61968"
1474,West Townsend,MA,42.669408,-71.74578,-5,1,"42.669408, -71.74578"
2538,East Wareham,MA,41.782915,-70.64881,-5,1,"41.782915, -70.64881"
2102,Boston,MA,42.338947,-70.919635,-5,1,"42.338947, -70.919635"
2474,Arlington,MA,42.419496,-71.15635,-5,1,"42.419496, -71.15635"
